
[
    {
        "nombre":"Pedro",
        "apellido":"Perez",
        "edad":32,
        "direccion":{
            "ciudad":"Madrid",
            "calle" :"gran via",
            "numero":25,
            "piso"  :2,
            "puerta":"A"
        },
        "hobbies":[
            "esquiar",
            "nadar",
            "leer"
        ],
        "formacion" :[
            {
                "centro":"universidad Complutense",
                "titulo":"Grado de Periodismo"
            },
            {
                "centro":"Universidad de Granada",
                "titulo":"Master en investiganción periodistica"
            }
        ]
        
    },

    {
        "nombre":"Maria",
        "apellido":"Martinez",
        "edad":45,
        "direccion":{
            "ciudad":"Barcelona",
            "calle": "diagonal",
            "numero" : 10,
            "piso" : 2,
            "puerta": "derecha"

        },
        "hobies":[
            "ver peliculas"
        ],
        "formacion":[
            {
                "centro":"MIT",
                "titulo": "Fisico de particulas"
            }
        ]
    },

    {
        "nombre":"Pedro",
        "apellido":"Lopez",
        "edad":32,
        "direccion":{
            "ciudad":"Madrid",
            "calle" :"gran via",
            "numero":25,
            "piso"  :2,
            "puerta":"A"
        },
        "hobbies":[
            "esquiar",
            "nadar",
            "leer"
        ],
        "formacion" :[
            {
                "centro":"universidad Complutense",
                "titulo":"Grado de Periodismo"
            },
            {
                "centro":"Universidad de Granada",
                "titulo":"Master en investiganción periodistica"
            }
        ]
        
    }
]